날짜,스트레스,수면
2024-07-14,75.61942,30.52527
2024-07-15,94.94549,40.33696
2024-07-16,98.51337,43.40931
2024-07-17,95.54013,38.85034
2024-07-18,92.26957,38.05748
2024-07-19,79.78196,29.43508
2024-07-20,67.9881,26.85827
2024-07-21,77.99801,30.42616
2024-07-22,92.07135,33.89494
2024-07-23,96.92765,35.97621
2024-07-24,84.73736,36.37264
2024-07-25,89.79187,32.50743
2024-07-26,82.06144,32.60654
2024-07-27,65.41129,24.67789
2024-07-28,68.38453,27.75024
2024-07-29,73.14172,28.54311
2024-07-30,77.40336,30.52527
2024-07-31,67.9881,29.93062
2024-08-01,73.93458,31.51635
2024-08-02,69.97026,28.54311
2024-08-03,59.66303,22.89395
2024-08-04,65.5104,24.08325
2024-08-05,73.73637,32.40832
2024-08-06,77.20515,31.11992
2024-08-07,73.33994,33.99405
2024-08-08,72.05153,33.59762
2024-08-09,75.71853,30.52527
2024-08-10,70.76313,24.57879
2024-08-11,66.50148,27.84935
2024-08-12,76.51139,33.10208
2024-08-13,78.69177,33.30029
2024-08-14,81.36769,33.79583
2024-08-15,72.15064,28.74132
2024-08-16,73.24083,31.31813
2024-08-17,65.70862,23.68681
2024-08-18,67.9881,27.55203
2024-08-19,83.05252,35.08424
2024-08-20,96.333,35.57978
2024-08-21,90.48562,34.09316
2024-08-22,94.44995,34.88602
2024-08-23,83.54806,34.88602
2024-08-24,72.15064,25.07433
2024-08-25,66.50148,31.31813
2024-08-26,92.17046,36.27353
2024-08-27,88.50346,38.65213
2024-08-28,87.7106,35.77799
2024-08-29,85.2329,34.09316
2024-08-30,87.61149,34.98513
2024-08-31,68.88007,26.85827
2024-09-01,72.05153,29.03865
2024-09-02,96.82854,35.8771
2024-09-03,99.10802,36.57086
2024-09-04,95.44103,33.3994
2024-09-05,92.26957,35.18334
2024-09-06,87.51238,30.52527
2024-09-07,65.90683,28.14667
2024-09-08,73.33994,33.49851
2024-09-09,89.59365,33.79583
2024-09-10,87.61149,34.09316
2024-09-11,91.77403,34.09316
2024-09-12,84.63825,33.30029
2024-09-13,73.83548,29.33597
2024-09-14,60.45589,24.57879
2024-09-15,58.96927,20.81268
2024-09-16,57.87908,23.68681
2024-09-17,58.77106,23.38949
2024-09-18,68.48364,28.24578
2024-09-19,82.16055,36.66997
2024-09-20,81.07036,29.23686
2024-09-21,67.19524,27.2547
2024-09-22,71.6551,33.00297
2024-09-23,85.43111,38.65213
2024-09-24,89.99008,35.48067
2024-09-25,88.00792,34.48959
2024-09-26,84.24182,33.00297
2024-09-27,81.36769,31.91278
2024-09-28,67.19524,24.38057
2024-09-29,69.97026,29.83151
2024-09-30,76.21407,30.9217
2024-10-01,65.60951,30.22794
2024-10-02,73.63726,28.84043
2024-10-03,65.01486,27.84935
2024-10-04,69.77205,31.61546
2024-10-05,61.24876,30.52527
2024-10-06,65.60951,27.55203
2024-10-07,82.55698,32.60654
2024-10-08,82.85431,37.66105
2024-10-09,74.43012,27.05649
2024-10-10,84.0436,32.70564
2024-10-11,79.68285,31.51635
2024-10-12,62.93359,26.16451
2024-10-13,65.70862,30.02973
2024-10-14,82.25966,36.27353
2024-10-15,82.06144,34.98513
2024-10-16,87.11595,33.00297
2024-10-17,83.54806,36.86818
2024-10-18,72.64618,31.91278
2024-10-19,66.60059,24.97522
2024-10-20,63.72646,26.46184
2024-10-21,83.34985,36.07532
2024-10-22,79.18731,36.07532
2024-10-23,85.72844,33.30029
2024-10-24,76.90782,34.09316
2024-10-25,81.36769,26.75916
2024-10-26,64.81665,22.2993
2024-10-27,62.83448,29.43508
2024-10-28,87.61149,37.76015
2024-10-29,84.24182,38.25569
2024-10-30,84.0436,32.40832
2024-10-31,78.49355,34.98513
2024-11-01,72.54707,31.41724
2024-11-02,58.96927,26.36273
2024-11-03,62.14073,28.04757
2024-11-04,78.79088,37.76015
2024-11-05,75.61942,35.57978
2024-11-06,76.01585,34.98513
2024-11-07,78.09712,33.79583
2024-11-08,67.39345,34.6878
2024-11-09,62.04162,28.74132
2024-11-10,65.60951,32.111
2024-11-11,79.88107,30.9217
2024-11-12,80.17839,37.0664
2024-11-13,80.2775,33.30029
2024-11-14,72.24975,32.01189
2024-11-15,79.28642,30.32705
2024-11-16,62.33894,29.83151
2024-11-17,64.51932,30.42616
2024-11-18,76.51139,40.93161
2024-11-19,75.71853,34.78691
2024-11-20,76.11496,38.75123
2024-11-21,83.94449,35.8771
2024-11-22,68.38453,28.04757
2024-11-23,58.0773,26.46184
2024-11-24,63.82556,33.20118
2024-11-25,69.47472,46.9772
2024-11-26,79.38553,34.39048
2024-11-27,68.97918,31.41724
2024-11-28,75.81764,31.41724
2024-11-29,64.02378,29.7324
2024-11-30,54.70763,28.14667
2024-12-01,63.82556,27.75024
2024-12-02,72.15064,32.70564
2024-12-03,75.12388,32.90386
2024-12-04,72.8444,28.54311
2024-12-05,70.26759,33.20118
2024-12-06,66.6997,28.34489
2024-12-07,56.888,24.57879
2024-12-08,60.05946,26.16451
2024-12-09,80.87215,29.23686
2024-12-10,68.68186,33.20118
2024-12-11,72.64618,27.75024
2024-12-12,72.15064,29.33597
2024-12-13,68.38453,30.52527
2024-12-14,60.85232,22.89395
2024-12-15,60.85232,27.55203
2024-12-16,70.16848,35.48067
2024-12-17,78.59266,41.72447
2024-12-18,70.56491,32.30921
2024-12-19,73.73637,33.89494
2024-12-20,70.4658,30.32705
2024-12-21,58.47373,25.66897
2024-12-22,58.96927,31.31813
2024-12-23,68.88007,27.75024
2024-12-24,60.25768,23.58771
2024-12-25,52.32903,22.69573
2024-12-26,56.68979,21.90287
2024-12-27,62.23984,22.2993
2024-12-28,58.0773,20.71357
2024-12-29,54.70763,20.61446
2024-12-30,59.46481,26.16451
2024-12-31,58.47373,21.90287
2025-01-01,61.24876,25.47076
2025-01-02,61.94251,29.43508
2025-01-03,64.12289,22.99306
2025-01-04,56.78889,22.79484
2025-01-05,60.95143,25.66897
2025-01-06,61.24876,31.11992
2025-01-07,62.93359,25.66897
2025-01-08,70.76313,26.16451
2025-01-09,63.33002,30.02973
2025-01-10,59.2666,25.56987
2025-01-11,52.22993,22.69573
2025-01-12,60.95143,23.58771
2025-01-13,64.51932,30.12884
2025-01-14,73.93458,26.75916
2025-01-15,67.88899,23.4886
2025-01-16,71.55599,26.56095
2025-01-17,67.39345,25.56987
2025-01-18,58.87016,20.71357
2025-01-19,58.87016,19.92071
2025-01-20,74.03369,22.79484
2025-01-21,65.70862,26.66005
2025-01-22,71.75421,25.76808
2025-01-23,70.86223,23.98414
2025-01-24,67.88899,20.41625
2025-01-25,55.89692,17.24479
2025-01-26,64.71754,18.92963
2025-01-27,64.12289,18.13676
2025-01-28,52.82457,15.75817
2025-01-29,50.04955,16.55104
2025-01-30,55.50049,18.5332
2025-01-31,57.97819,23.4886
2025-02-01,55.00495,21.80376
2025-02-02,63.23092,22.00198
2025-02-03,62.63627,30.02973
2025-02-04,66.89791,24.38057
2025-02-05,66.89791,25.56987
2025-02-06,69.77205,24.47968
2025-02-07,62.93359,27.55203
2025-02-08,58.37462,18.13676
2025-02-09,60.25768,20.51536
2025-02-10,68.18632,25.9663
2025-02-11,67.39345,28.64222
2025-02-12,76.41228,26.16451
2025-02-13,77.20515,26.56095
2025-02-14,78.79088,27.15559
2025-02-15,65.41129,22.20019
2025-02-16,70.96134,22.69573
2025-02-17,75.91674,27.05649
2025-02-18,74.23191,24.777
2025-02-19,78.49355,24.777
2025-02-20,81.86323,22.69573
2025-02-21,73.73637,23.29038
2025-02-22,66.40237,20.71357
2025-02-23,66.10505,21.11
2025-02-24,76.51139,25.56987
2025-02-25,79.0882,23.4886
2025-02-26,82.16055,23.58771
2025-02-27,79.38553,25.56987
2025-02-28,68.97918,21.90287
2025-03-01,61.8434,18.13676
2025-03-02,62.53716,17.24479
2025-03-03,68.48364,20.01982
2025-03-04,78.19623,28.04757
2025-03-05,74.82656,26.56095
2025-03-06,78.79088,24.777
2025-03-07,75.71853,26.06541
2025-03-08,65.60951,19.8216
2025-03-09,69.87115,21.40733
2025-03-10,75.52031,27.84935
2025-03-11,73.24083,26.36273
2025-03-12,83.84539,27.55203
2025-03-13,83.84539,29.13776
2025-03-14,77.00693,22.69573
2025-03-15,67.29435,20.11892
2025-03-16,72.44796,24.777
2025-03-17,83.25074,27.2547
2025-03-18,84.63825,26.06541
2025-03-19,82.95341,26.46184
2025-03-20,83.94449,24.18235
2025-03-21,80.87215,24.08325
2025-03-22,67.9881,19.22695
2025-03-23,65.90683,21.0109
2025-03-24,79.18731,29.23686
2025-03-25,84.44003,28.84043
2025-03-26,81.46679,25.07433
2025-03-27,81.16947,23.88503
2025-03-28,75.71853,25.47076
2025-03-29,64.12289,19.22695
2025-03-30,68.88007,18.92963
2025-03-31,78.49355,23.4886
2025-04-01,74.33102,22.2993
2025-04-02,71.85332,25.86719
2025-04-03,79.28642,25.66897
2025-04-04,66.20416,22.59663
2025-04-05,62.04162,19.22695
2025-04-06,64.12289,21.30822
2025-04-07,77.50247,24.57879
2025-04-08,77.70069,23.19127
2025-04-09,82.25966,22.39841
2025-04-10,75.71853,23.98414
2025-04-11,73.73637,24.18235
2025-04-12,64.81665,21.90287
2025-04-13,64.42021,18.43409
2025-04-14,69.07829,28.04757
2025-04-15,76.80872,27.2547
2025-04-16,80.17839,25.47076
2025-04-17,76.41228,24.87611
2025-04-18,69.97026,21.30822
2025-04-19,63.72646,16.0555
2025-04-20,58.67195,22.59663
2025-04-21,75.12388,22.39841
2025-04-22,76.01585,24.38057
2025-04-23,74.1328,25.37165
2025-04-24,77.60158,22.2993
2025-04-25,66.50148,19.32606
2025-04-26,65.01486,16.45193
2025-04-27,64.51932,19.92071
2025-04-28,73.33994,24.38057
2025-04-29,77.10604,22.49752
2025-04-30,70.56491,20.41625
2025-05-01,68.97918,21.80376
2025-05-02,66.6997,20.31714
2025-05-03,55.99603,16.94747
2025-05-04,55.50049,17.24479
2025-05-05,58.37462,15.26263
2025-05-06,58.17641,17.83944
2025-05-07,76.41228,28.64222
2025-05-08,68.28543,27.45292
2025-05-09,73.63726,23.68681
2025-05-10,68.48364,20.81268
2025-05-11,62.53716,17.83944
2025-05-12,82.25966,31.81367
2025-05-13,75.3221,26.85827
2025-05-14,83.94449,24.97522
2025-05-15,74.62834,24.777
2025-05-16,70.4658,24.28146
2025-05-17,64.32111,19.02874
2025-05-18,62.53716,18.6323
2025-05-19,79.28642,29.43508
2025-05-20,100.0,26.75916
2025-05-21,94.35084,23.4886
2025-05-22,82.7552,23.78592
2025-05-23,72.05153,26.06541
2025-05-24,65.21308,18.92963
2025-05-25,66.00594,17.93855
2025-05-26,79.38553,27.65113
2025-05-27,77.10604,26.06541
2025-05-28,78.09712,25.86719
2025-05-29,81.26858,22.79484
2025-05-30,77.20515,20.31714
2025-05-31,62.14073,16.35282
2025-06-01,65.80773,16.55104
2025-06-02,77.10604,20.51536
2025-06-03,63.92467,15.65906
2025-06-04,68.58275,21.70465
2025-06-05,71.15956,20.91179
2025-06-06,58.87016,16.45193
2025-06-07,63.82556,16.74925
2025-06-08,68.28543,14.76709
2025-06-09,78.88999,24.47968
2025-06-10,79.48463,23.68681
2025-06-11,77.40336,26.56095
2025-06-12,81.96233,26.26362
2025-06-13,76.70961,20.41625
2025-06-14,64.42021,18.33498
2025-06-15,61.24876,20.61446
2025-06-16,73.63726,24.57879
2025-06-17,71.95242,23.09217
2025-06-18,83.74628,22.39841
2025-06-19,76.51139,22.39841
2025-06-20,72.64618,21.70465
2025-06-21,63.23092,16.74925
2025-06-22,66.89791,20.21803
2025-06-23,72.24975,22.39841
2025-06-24,78.49355,20.91179
2025-06-25,71.45688,20.31714
2025-06-26,73.83548,22.89395
2025-06-27,65.01486,17.83944
2025-06-28,49.95044,15.85728
2025-06-29,52.82457,16.55104
2025-06-30,57.68087,21.20911
2025-07-01,69.97026,17.83944
2025-07-02,67.09613,22.49752
2025-07-03,62.23984,19.42517
2025-07-04,66.30327,19.12784
2025-07-05,52.22993,15.95639
2025-07-06,51.83349,17.3439
2025-07-07,69.27651,22.99306
2025-07-08,60.95143,21.30822
2025-07-09,68.18632,19.62338
2025-07-10,65.5104,16.94747
2025-07-11,61.94251,15.75817
2025-07-12,51.73439,15.06442
2025-07-13,53.1219,15.95639
2025-07-14,66.99702,24.38057
